alcoholPercentage,assortmentText,bottleText,categoryLevel1,categoryLevel2,categoryLevel3,country,customCategoryTitle,ethicalLabel,grapes,isClimateSmartPackaging,isCompletelyOutOfStock,isDiscontinued,isEthical,isKosher,isManufacturingCountry,isOrganic,isSustainableChoice,isTemporaryOutOfStock,originLevel1,originLevel2,packagingLevel1,price,producerName,productId,productNameBold,productNameThin,productNumber,productNumberShort,restrictedParcelQuantity,sugarContent,sugarContentGramPer100ml,supplierName,taste,tasteClockBitter,tasteClockBody,tasteClockCasque,tasteClockFruitacid,tasteClockGroupBitter,tasteClockGroupSmokiness,tasteClockRoughness,tasteClockSmokiness,tasteClockSweetness,tasteClocks,tasteSymbols,vintage,volume,volumeText,full_name
13.5,Fast sortiment,Flaska,Vin,Rött vin,Fruktigt & Smakrikt,Italien,"Rött vin, Fruktigt & Smakrikt",,['Barbera'],False,False,False,False,False,False,False,False,False,Piemonte,,Glasflaska,109.0,Schenk Italia Spa,24622853,150+1 Barbera,Piemonte,5291501,52915,0,6,0.6,Morningstar Brands AB,"Fruktig, något kryddig smak med inslag av fat, körsbär, basilika, hallon, blåbär, viol och choklad.",0,7,4,10,,,7,0,0,"[{'key': 'TasteClockBody', 'value': 7}, {'key': 'TasteClockRoughness', 'value': 7}, {'key': 'TasteClockFruitacid', 'value': 10}]","['Grönsaker', 'Lamm', 'Nöt']",2022,750,750 ml,Schenk Italia Spa 150+1 Barbera Piemonte 2022
13.5,Fast sortiment,Flaska,Vin,Rött vin,Fruktigt & Smakrikt,Australien,"Rött vin, Fruktigt & Smakrikt",,[],False,False,False,False,False,False,False,False,False,South Eastern Australia,,Glasflaska,99.0,19 Crimes,2848041,19 Crimes,Red Wine,7396801,73968,0,13,1.3,Treasury Wine Estates Sweden AB,"Mycket fruktig smak med fatkaraktär, inslag av björnbär, eukalyptus, blåbärssylt, kaffe, vanilj och mjölkchoklad.",0,9,8,9,,,8,0,0,"[{'key': 'TasteClockBody', 'value': 9}, {'key': 'TasteClockRoughness', 'value': 8}, {'key': 'TasteClockFruitacid', 'value': 9}]","['Lamm', 'Nöt']",2021,750,750 ml,19 Crimes 19 Crimes Red Wine 2021
14.0,Fast sortiment,Flaska,Vin,Rött vin,Fruktigt & Smakrikt,Portugal,"Rött vin, Fruktigt & Smakrikt",,"['Touriga franca', 'Touriga naçional']",False,False,False,False,False,False,False,False,False,Douro,,Glasflaska,179.0,Quinta do Pessegueiro - Sociedade Agricola e Comercial Lda.,37260385,ALUZÉ,Pessegueiro,272801,2728,0,2,0.0,AB Mohawk Brewing Company,"Nyanserad, fruktig, något kryddig smak med fatkaraktär, inslag av björnbär, plommon, viol, blåbär, lakrits, färska örter, ceder, choklad och vanilj.",0,9,8,9,,,9,0,0,"[{'key': 'TasteClockBody', 'value': 9}, {'key': 'TasteClockRoughness', 'value': 9}, {'key': 'TasteClockFruitacid', 'value': 9}]","['Lamm', 'Nöt']",2020,750,750 ml,Quinta do Pessegueiro - Sociedade Agricola e Comercial Lda. ALUZÉ Pessegueiro 2020
13.5,Fast sortiment,Flaska,Vin,Rött vin,Kryddigt & Mustigt,Frankrike,"Rött vin, Kryddigt & Mustigt",,['Pinot noir'],False,False,False,False,False,False,True,False,False,Languedoc-Roussillon,Pays d'Oc,Glasflaska,139.0,Abbotts & Delaunay,24566322,Abbotts & Delaunay,Métayage Pinot Noir,5050701,50507,0,2,0.0,Sigva AB,"Nyanserad, kryddig smak med fatkaraktär, inslag av jordgubbar, sandelträ, skogshallon, kanel, choklad, lagerblad och vanilj.",0,5,8,10,,,5,0,0,"[{'key': 'TasteClockBody', 'value': 5}, {'key': 'TasteClockRoughness', 'value': 5}, {'key': 'TasteClockFruitacid', 'value': 10}]","['Fisk', 'Fläsk', 'Fågel', 'Grönsaker']",2022,750,750 ml,Abbotts & Delaunay Abbotts & Delaunay Métayage Pinot Noir 2022
14.5,Fast sortiment,Flaska,Vin,Rött vin,Fruktigt & Smakrikt,Sydafrika,"Rött vin, Fruktigt & Smakrikt",,['Shiraz'],False,False,False,False,False,False,False,False,False,Western Cape,Coastal Region,Glasflaska,129.0,Allesverloren Wine Estate,49521,Allesverloren,Shiraz,2900201,29002,0,2,0.0,Vinunic AB,"Fruktig smak med fatkaraktär, inslag av björnbär, lagerblad, plommon, svartpeppar, skogshallon och choklad.",0,9,8,9,,,8,0,0,"[{'key': 'TasteClockBody', 'value': 9}, {'key': 'TasteClockRoughness', 'value': 8}, {'key': 'TasteClockFruitacid', 'value': 9}]","['Lamm', 'Nöt']",2019,750,750 ml,Allesverloren Wine Estate Allesverloren Shiraz 2019
15.0,Fast sortiment,Flaska,Vin,Rött vin,Kryddigt & Mustigt,Italien,"Rött vin, Kryddigt & Mustigt",,"['Corvina veronese', 'Rondinella', 'Cabernet sauvignon']",False,False,False,False,False,False,False,False,False,Venetien,Valpolicella,Glasflaska,239.0,Alpha Zeta,272067,Amarone A,Alpha Zeta,1234301,12343,0,6,0.6,Independent Wine Company AB,"Nyanserad, kryddig smak med fatkaraktär, inslag av romrussin, kakao, mörka körsbär, nötter, mogna jordgubbar, salvia och vanilj.",0,10,8,9,,,9,0,0,"[{'key': 'TasteClockBody', 'value': 10}, {'key': 'TasteClockRoughness', 'value': 9}, {'key': 'TasteClockFruitacid', 'value': 9}]","['Lamm', 'Nöt', 'Ost', 'Vilt']",2021,750,750 ml,Alpha Zeta Amarone A Alpha Zeta 2021
15.0,Fast sortiment,Flaska,Vin,Rött vin,Kryddigt & Mustigt,Italien,"Rött vin, Kryddigt & Mustigt",,[],False,False,False,False,False,False,False,False,False,Venetien,Valpolicella,Glasflaska,199.0,Fields Wine Company AB,20765059,Amarone della Valpolicella,Casteloro,7420801,74208,0,10,1.0,Fields Wine Company AB,"Kryddig , något utvecklad smak med inslag av fat, torkade körsbär, kakao, nötter, russin, salvia och kanel.",0,10,4,9,,,9,0,0,"[{'key': 'TasteClockBody', 'value': 10}, {'key': 'TasteClockRoughness', 'value': 9}, {'key': 'TasteClockFruitacid', 'value': 9}]","['Lamm', 'Nöt', 'Ost', 'Vilt']",2020,750,750 ml,Fields Wine Company AB Amarone della Valpolicella Casteloro 2020
16.5,Fast sortiment,Flaska,Vin,Rött vin,Kryddigt & Mustigt,Italien,"Rött vin, Kryddigt & Mustigt",,"['Molinara', 'Corvina', 'Rondinella']",False,False,False,False,False,False,False,False,False,Venetien,Valpolicella,Glasflaska,789.0,Luigi Brunelli,891225,Amarone della Valpolicella,Classico Campo del Titari Riserva,7849801,78498,0,6,0.6,Wine Group Sweden AB,"Komplex, kryddig, något utvecklad smak med fatkaraktär, inslag av torkade körsbär, katrinplommon, choklad, romrussin, nötter, peppar, vanilj och pomerans.",0,10,8,10,,,9,0,0,"[{'key': 'TasteClockBody', 'value': 10}, {'key': 'TasteClockRoughness', 'value': 9}, {'key': 'TasteClockFruitacid', 'value': 10}]","['Nöt', 'Ost', 'Vilt']",2018,750,750 ml,Luigi Brunelli Amarone della Valpolicella Classico Campo del Titari Riserva 2018
15.0,Fast sortiment,Flaska,Vin,Rött vin,Kryddigt & Mustigt,Italien,"Rött vin, Kryddigt & Mustigt",,[],False,False,False,False,False,False,True,False,False,Venetien,Valpolicella,Glasflaska,249.0,Vivaldi Wines,9738833,Amarone della Valpolicella,ai Colli Vivaldi,7063501,70635,0,10,1.0,Fields Wine Company AB,"Kryddig smak med liten sötma, inslag av fat, mörka körsbär, katrinplommon, choklad, peppar, salvia och kanel.",0,9,4,9,,,9,0,0,"[{'key': 'TasteClockBody', 'value': 9}, {'key': 'TasteClockRoughness', 'value': 9}, {'key': 'TasteClockFruitacid', 'value': 9}]","['Nöt', 'Ost', 'Vilt']",2020,750,750 ml,Vivaldi Wines Amarone della Valpolicella ai Colli Vivaldi 2020
14.0,Fast sortiment,Flaska,Vin,Rött vin,Mjukt & Bärigt,USA,"Rött vin, Mjukt & Bärigt",,['Pinot noir'],False,False,False,False,False,False,False,False,False,Kalifornien,,Glasflaska,179.0,Angeline Winery,39237645,Angeline Vineyards,California Pinot Noir,235401,2354,0,4,0.4,Divine AB,"Nyanserad, bärig smak med inslag av fat, jordgubbar, lingon, sandelträ, blodapelsin, fransk nougat, salvia och kryddor.",0,5,4,9,,,5,0,0,"[{'key': 'TasteClockBody', 'value': 5}, {'key': 'TasteClockRoughness', 'value': 5}, {'key': 'TasteClockFruitacid', 'value': 9}]","['Buffémat', 'Fläsk', 'Fågel', 'Grönsaker']",2022,750,750 ml,Angeline Winery Angeline Vineyards California Pinot Noir 2022
13.5,Fast sortiment,Flaska,Vin,Rött vin,Kryddigt & Mustigt,Italien,"Rött vin, Kryddigt & Mustigt",,"['Corvina', 'Rondinella', 'Corvinone']",False,False,False,False,False,False,False,False,False,Venetien,Valpolicella,Glasflaska,119.0,Antiche Terre Venete,797790,Antiche Terre Venete,Valpolicella Ripasso,7434501,74345,0,5,0.5,Iconic Wines,"Kryddig, något utvecklad smak med inslag av fat, körsbär, rosmarin, torkade jordgubbar, salvia och vanilj.",0,7,4,9,,,7,0,0,"[{'key': 'TasteClockBody', 'value': 7}, {'key': 'TasteClockRoughness', 'value': 7}, {'key': 'TasteClockFruitacid', 'value': 9}]","['Lamm', 'Nöt']",2021,750,750 ml,Antiche Terre Venete Antiche Terre Venete Valpolicella Ripasso 2021
13.5,Fast sortiment,Flaska,Vin,Rött vin,Fruktigt & Smakrikt,USA,"Rött vin, Fruktigt & Smakrikt",,"['Cabernet sauvignon', 'Zinfandel', 'Syrah', 'Merlot']",False,False,False,False,False,False,False,False,False,Kalifornien,,Glasflaska,119.0,Apothic Wines,758376,Apothic Red,Winemaker's Blend,642001,6420,0,14,1.4,Spendrups Bryggeri AB,"Generöst fruktig smak med fatkaraktär och liten sötma, inslag av björnbär, vanilj, blåbär och mintchoklad.",0,8,8,8,,,6,0,0,"[{'key': 'TasteClockBody', 'value': 8}, {'key': 'TasteClockRoughness', 'value': 6}, {'key': 'TasteClockFruitacid', 'value': 8}]","['Lamm', 'Nöt', 'Ost', 'Sällskapsdryck']",2021,750,750 ml,Apothic Wines Apothic Red Winemaker's Blend 2021
13.5,Fast sortiment,Flaska,Vin,Rött vin,Kryddigt & Mustigt,Frankrike,"Rött vin, Kryddigt & Mustigt",,['Poulsard'],False,False,False,False,False,False,False,False,False,Jura,Arbois,Glasflaska,159.0,Jacques Tissot,30177215,Arbois Poulsard,Jacques Tissot,210001,2100,0,2,0.0,Gullberg by Stockwine AB,"Kryddig, något utvecklad smak med inslag av fat, torkade körsbär, blodapelsin, salvia, muskot, mogna jordgubbar och nötter.",0,6,4,9,,,7,0,0,"[{'key': 'TasteClockBody', 'value': 6}, {'key': 'TasteClockRoughness', 'value': 7}, {'key': 'TasteClockFruitacid', 'value': 9}]","['Lamm', 'Nöt']",2020,750,750 ml,Jacques Tissot Arbois Poulsard Jacques Tissot 2020
14.5,Fast sortiment,Flaska,Vin,Rött vin,Kryddigt & Mustigt,Italien,"Rött vin, Kryddigt & Mustigt",,['Sangiovese'],False,False,False,False,False,False,False,False,False,Toscana,Brunello di Montalcino,Glasflaska,269.0,The Company of Urban wines And Other Liquids Sweden AB,24562262,Armatura,Brunello di Montalcino,5027601,50276,0,2,0.0,Urban Wines AB,"Kryddig, något utvecklad smak med fatkaraktär, inslag av mörka körsbär, kanel, fikon, nougat, torkade tranbär och svart te. ",0,9,8,10,,,10,0,0,"[{'key': 'TasteClockBody', 'value': 9}, {'key': 'TasteClockRoughness', 'value': 10}, {'key': 'TasteClockFruitacid', 'value': 10}]","['Lamm', 'Nöt', 'Vilt']",2018,750,750 ml,The Company of Urban wines And Other Liquids Sweden AB Armatura Brunello di Montalcino 2018
14.5,Fast sortiment,Flaska,Vin,Rött vin,Kryddigt & Mustigt,Spanien,"Rött vin, Kryddigt & Mustigt",,['Tempranillo'],False,False,False,False,False,False,True,False,False,Kastilien-León,Ribera del Duero,Glasflaska,249.0,Bodegas Arzuaga Navarro,26294257,Arzuaga,Selección Especial,107901,1079,0,2,0.0,Amka Vinimport AB,"Kryddigt, smakrikt vin med tydlig rostad fatkaraktär, inslag av mörka körsbär, plommon, kakao, kryddnejlika, kokos, vanilj och kaffe.",0,10,10,10,,,10,0,0,"[{'key': 'TasteClockBody', 'value': 10}, {'key': 'TasteClockRoughness', 'value': 10}, {'key': 'TasteClockFruitacid', 'value': 10}]","['Lamm', 'Nöt', 'Vilt']",2021,750,750 ml,Bodegas Arzuaga Navarro Arzuaga Selección Especial 2021
13.5,Fast sortiment,Flaska,Vin,Rött vin,Kryddigt & Mustigt,USA,"Rött vin, Kryddigt & Mustigt",,['Pinot noir'],False,False,False,False,False,False,False,False,False,Kalifornien,Central Coast,Glasflaska,109.0,Domaine Wines Sweden AB,24681836,Ascot,Pinot Noir,5525001,55250,0,5,0.5,Domaine Wines Sweden AB,"Kryddig, nyanserad smak med fatkaraktär, inslag av mogna jordgubbar, choklad, körsbär, kanel, lagerblad och vanilj.",0,5,8,9,,,5,0,0,"[{'key': 'TasteClockBody', 'value': 5}, {'key': 'TasteClockRoughness', 'value': 5}, {'key': 'TasteClockFruitacid', 'value': 9}]","['Fisk', 'Fläsk', 'Fågel', 'Grönsaker']",2021,750,750 ml,Domaine Wines Sweden AB Ascot Pinot Noir 2021
14.0,Fast sortiment,Flaska,Vin,Rött vin,Stramt & Nyanserat,Italien,"Rött vin, Stramt & Nyanserat",,['Nebbiolo'],False,False,False,False,False,False,False,False,False,Piemonte,Barbaresco,Glasflaska,299.0,Prunotto,830942,Barbaresco,Prunotto,2201301,22013,0,2,0.0,Ward Wines AB,"Nyanserad, kryddig smak med fatkaraktär, inslag av körsbär, jordgubbar, rosor, nötter, hallon, örter och svart te.",0,8,8,10,,,10,0,0,"[{'key': 'TasteClockBody', 'value': 8}, {'key': 'TasteClockRoughness', 'value': 10}, {'key': 'TasteClockFruitacid', 'value': 10}]","['Lamm', 'Nöt', 'Vilt']",2020,750,750 ml,Prunotto Barbaresco Prunotto 2020
14.5,Fast sortiment,Flaska,Vin,Rött vin,Fruktigt & Smakrikt,Italien,"Rött vin, Fruktigt & Smakrikt",,['Barbera'],False,False,False,False,False,False,True,False,False,Piemonte,Barbera d'Alba,Glasflaska,225.0,G.D. Vajra,812451,Barbera d'Alba,Superiore,2307101,23071,0,2,0.0,Morningstar Brands AB,"Nyanserad, fruktig smak med fatkaraktär, inslag av mörka körsbär, viol, skogshallon, blåbär och choklad.",0,8,8,10,,,8,0,0,"[{'key': 'TasteClockBody', 'value': 8}, {'key': 'TasteClockRoughness', 'value': 8}, {'key': 'TasteClockFruitacid', 'value': 10}]","['Lamm', 'Nöt']",2021,750,750 ml,G.D. Vajra Barbera d'Alba Superiore 2021
14.0,Fast sortiment,Flaska,Vin,Rött vin,Stramt & Nyanserat,Italien,"Rött vin, Stramt & Nyanserat",,['Nebbiolo'],False,False,False,False,False,False,True,False,False,Piemonte,Barolo,Glasflaska,299.0,G.D. Vajra,676892,Barolo Albe,G.D. Vajra,239801,2398,0,2,0.0,Morningstar Brands AB,"Nyanserad, kryddig smak med fatkaraktär, inslag av torkade körsbär, sandelträ, skogshallon, rosor, bergamott, kanel, kakao och svart te.",0,9,8,10,,,11,0,0,"[{'key': 'TasteClockBody', 'value': 9}, {'key': 'TasteClockRoughness', 'value': 11}, {'key': 'TasteClockFruitacid', 'value': 10}]","['Lamm', 'Nöt', 'Vilt']",2019,750,750 ml,G.D. Vajra Barolo Albe G.D. Vajra 2019
14.5,Fast sortiment,Flaska,Vin,Rött vin,Stramt & Nyanserat,Italien,"Rött vin, Stramt & Nyanserat",,['Nebbiolo'],False,False,False,False,False,False,False,False,False,Piemonte,Barolo,Glasflaska,261.0,Franco Molino Cascina Rocca,24617991,Barolo Cascina Rocca,Franco Molino,246801,2468,0,2,0.0,Vinoliv Import AB,"Nyanserad, kryddig smak med fatkaraktär, inslag av nypon, mogna jordgubbar, kanel, körsbär, rosor, nougat, svart te och pomerans.",0,9,8,10,,,11,0,0,"[{'key': 'TasteClockBody', 'value': 9}, {'key': 'TasteClockRoughness', 'value': 11}, {'key': 'TasteClockFruitacid', 'value': 10}]","['Lamm', 'Nöt', 'Vilt']",2017,750,750 ml,Franco Molino Cascina Rocca Barolo Cascina Rocca Franco Molino 2017
14.0,Fast sortiment,Flaska,Vin,Rött vin,Stramt & Nyanserat,Italien,"Rött vin, Stramt & Nyanserat",,['Nebbiolo'],False,False,False,False,False,False,False,False,False,Piemonte,Barolo,Glasflaska,349.0,G.D. Vajra,994108,Barolo Serralunga,Luigi Baudana,233001,2330,0,2,0.0,Morningstar Brands AB,"Nyanserad, kryddig smak med fatkaraktär, inslag av körsbär, nougat, nypon, kanel, sandelträ, hallon, svart te och bergamott.",0,9,8,10,,,11,0,0,"[{'key': 'TasteClockBody', 'value': 9}, {'key': 'TasteClockRoughness', 'value': 11}, {'key': 'TasteClockFruitacid', 'value': 10}]","['Lamm', 'Nöt', 'Vilt']",2019,750,750 ml,G.D. Vajra Barolo Serralunga Luigi Baudana 2019
14.0,Fast sortiment,Flaska,Vin,Rött vin,Kryddigt & Mustigt,Spanien,"Rött vin, Kryddigt & Mustigt",,['Tempranillo'],False,False,False,False,False,False,False,False,False,Rioja,,Glasflaska,219.0,Baron de Ley,16065857,Baron de Ley,Gran Reserva,276801,2768,0,2,0.0,Enjoy Wine & Spirits AB,"Nyanserad, kryddig, utvecklad, balanserad smak med rostad fatkaraktär, inslag av mörka körsbär, kardemumma, choklad, fikon, dill, ceder och vanilj.",0,9,8,9,,,9,0,0,"[{'key': 'TasteClockBody', 'value': 9}, {'key': 'TasteClockRoughness', 'value': 9}, {'key': 'TasteClockFruitacid', 'value': 9}]","['Lamm', 'Nöt', 'Vilt']",2017,750,750 ml,Baron de Ley Baron de Ley Gran Reserva 2017
14.5,Fast sortiment,Flaska,Vin,Rött vin,Kryddigt & Mustigt,Spanien,"Rött vin, Kryddigt & Mustigt",,"['Tempranillo', 'Garnacha']",False,False,False,False,False,False,False,False,False,Rioja,,Glasflaska,129.0,Baron de Ley,1825,Baron de Ley,Reserva,252501,2525,0,2,0.0,Enjoy Wine & Spirits AB,"Nyanserad, kryddig, utvecklad, balanserad smak med fatkaraktär, inslag av mörka körsbär, tobak, katrinplommon, mörk choklad, dill och vanilj. ",0,9,8,9,,,9,0,0,"[{'key': 'TasteClockBody', 'value': 9}, {'key': 'TasteClockRoughness', 'value': 9}, {'key': 'TasteClockFruitacid', 'value': 9}]","['Lamm', 'Nöt', 'Vilt']",2019,750,750 ml,Baron de Ley Baron de Ley Reserva 2019
13.5,Fast sortiment,Flaska,Vin,Rött vin,Kryddigt & Mustigt,Frankrike,"Rött vin, Kryddigt & Mustigt",,['Syrah'],False,False,False,False,False,False,False,False,False,Rhonedalen,Ardèche,Glasflaska,99.0,Vignerons Ardèchois - UVICA,40360979,Basalte du Coiron,Syrah,2007801,20078,0,2,0.0,Vintedge AB,"Smakrikt, kryddigt vin med inslag av fat, björnbär, lagerblad, plommon, svartpeppar, ceder, lakrits och skogshallon.",0,8,4,9,,,8,0,0,"[{'key': 'TasteClockBody', 'value': 8}, {'key': 'TasteClockRoughness', 'value': 8}, {'key': 'TasteClockFruitacid', 'value': 9}]","['Lamm', 'Nöt']",2022,750,750 ml,Vignerons Ardèchois - UVICA Basalte du Coiron Syrah 2022
14.5,Fast sortiment,Flaska,Vin,Rött vin,Fruktigt & Smakrikt,Spanien,"Rött vin, Fruktigt & Smakrikt",,['Garnacha'],False,False,False,False,False,False,False,False,False,Katalonien,Terra Alta,Glasflaska,159.0,Contemporary Wines AB,28397397,Berså,Terra Alta Stig Lindberg,5804301,58043,0,2,0.0,The Wine and Spirits Collective Sweden AB,"Fruktig, något kryddig smak med inslag av fat, hallon, blåbär, lagerblad och jordgubbar.",0,6,4,9,,,6,0,0,"[{'key': 'TasteClockBody', 'value': 6}, {'key': 'TasteClockRoughness', 'value': 6}, {'key': 'TasteClockFruitacid', 'value': 9}]","['Fläsk', 'Fågel', 'Grönsaker']",2022,750,750 ml,Contemporary Wines AB Berså Terra Alta Stig Lindberg 2022
13.5,Fast sortiment,Flaska,Vin,Rött vin,Kryddigt & Mustigt,Italien,"Rött vin, Kryddigt & Mustigt",,['Rondinella'],False,False,False,False,False,False,False,False,False,Venetien,Valpolicella,Glasflaska,119.0,Cantina Valpolicella Negrar,20492857,Bevanti,Valpolicella Ripasso,7076901,70769,0,8,0.8,Carovin AB,"Kryddig smak med inslag av fat, mörka körsbär, salvia, plommon, choklad och vanilj.",0,8,4,9,,,8,0,0,"[{'key': 'TasteClockBody', 'value': 8}, {'key': 'TasteClockRoughness', 'value': 8}, {'key': 'TasteClockFruitacid', 'value': 9}]","['Lamm', 'Nöt']",2021,750,750 ml,Cantina Valpolicella Negrar Bevanti Valpolicella Ripasso 2021
14.5,Fast sortiment,Flaska,Vin,Rött vin,Kryddigt & Mustigt,USA,"Rött vin, Kryddigt & Mustigt",,['Pinot noir'],False,False,False,False,False,False,False,False,False,Kalifornien,North Coast,Glasflaska,299.0,Black Stallion Estate Winery,9186911,Black Stallion,Los Carneros Pinot Noir,223501,2235,0,3,0.3,Ward Wines AB,"Nyanserad, kryddig smak med fatkaraktär, inslag av jordgubbar, nougat, skogshallon, kardemumma, choklad, kaffe, körsbär och vanilj.",0,6,8,9,,,5,0,0,"[{'key': 'TasteClockBody', 'value': 6}, {'key': 'TasteClockRoughness', 'value': 5}, {'key': 'TasteClockFruitacid', 'value': 9}]","['Fläsk', 'Fågel', 'Lamm']",2021,750,750 ml,Black Stallion Estate Winery Black Stallion Los Carneros Pinot Noir 2021
14.5,Fast sortiment,Flaska,Vin,Rött vin,Fruktigt & Smakrikt,USA,"Rött vin, Fruktigt & Smakrikt",,['Cabernet sauvignon'],False,False,False,False,False,False,False,False,False,Kalifornien,North Coast,Glasflaska,339.0,Black Stallion Estate Winery,975717,Black Stallion,Napa Valley Cabernet Sauvignon,620701,6207,0,2,0.0,Ward Wines AB,"Nyanserad, mycket fruktig smak med tydlig rostad fatkaraktär, inslag av svarta vinbär, plommon, ceder, mörk choklad, fikon, örter, kaffe och vanilj.",0,10,10,9,,,9,0,0,"[{'key': 'TasteClockBody', 'value': 10}, {'key': 'TasteClockRoughness', 'value': 9}, {'key': 'TasteClockFruitacid', 'value': 9}]","['Lamm', 'Nöt', 'Vilt']",2020,750,750 ml,Black Stallion Estate Winery Black Stallion Napa Valley Cabernet Sauvignon 2020
13.5,Fast sortiment,Flaska,Vin,Rött vin,Kryddigt & Mustigt,Italien,"Rött vin, Kryddigt & Mustigt",,"['Molinara', 'Corvina', 'Rondinella']",False,False,False,False,False,False,False,False,False,Venetien,Valpolicella,Glasflaska,139.0,Bolla,30148,Bolla Le Poiane,Ripasso,2232001,22320,0,2,0.0,Domaine Wines Sweden AB,"Nyanserad, kryddig smak med inslag av fat, mörka körsbär, sandelträ, pomerans, pinjenötter och choklad.",0,8,4,10,,,8,0,0,"[{'key': 'TasteClockBody', 'value': 8}, {'key': 'TasteClockRoughness', 'value': 8}, {'key': 'TasteClockFruitacid', 'value': 10}]","['Lamm', 'Nöt']",2019,750,750 ml,Bolla Bolla Le Poiane Ripasso 2019
15.0,Fast sortiment,Flaska,Vin,Rött vin,Kryddigt & Mustigt,Italien,"Rött vin, Kryddigt & Mustigt",,"['Corvinone', 'Rondinella', 'Corvina']",False,False,False,False,False,False,False,False,False,Venetien,Valpolicella,Glasflaska,289.0,Bolla,872511,Bolla Le Poiane,Amarone,7021501,70215,0,3,0.3,Ward Wines AB,"Nyanserad, kryddig smak med inslag av fat, mörka körsbär, kakao, kanel, russin, peppar, bergamott och salvia.",0,10,4,9,,,9,0,0,"[{'key': 'TasteClockBody', 'value': 10}, {'key': 'TasteClockRoughness', 'value': 9}, {'key': 'TasteClockFruitacid', 'value': 9}]","['Nöt', 'Ost', 'Vilt']",2017,750,750 ml,Bolla Bolla Le Poiane Amarone 2017
13.5,Fast sortiment,Flaska,Vin,Rött vin,Kryddigt & Mustigt,Italien,"Rött vin, Kryddigt & Mustigt",,['Sangiovese'],False,False,False,False,False,False,True,False,False,Emilia-Romagna,,Glasflaska,119.0,Poderi dal Nespoli,10671804,Bollo,Sangiovese,7412801,74128,0,3,0.3,Lively Wines Sweden AB,"Kryddig smak med inslag av fat, mörka körsbär, kryddnejlika, blåbär, muskot och örter.",0,7,4,9,,,7,0,0,"[{'key': 'TasteClockBody', 'value': 7}, {'key': 'TasteClockRoughness', 'value': 7}, {'key': 'TasteClockFruitacid', 'value': 9}]","['Fläsk', 'Grönsaker', 'Lamm']",2020,750,750 ml,Poderi dal Nespoli Bollo Sangiovese 2020
14.5,Fast sortiment,Flaska,Vin,Rött vin,Fruktigt & Smakrikt,USA,"Rött vin, Fruktigt & Smakrikt",,['Zinfandel'],False,False,False,False,False,False,True,False,False,Kalifornien,North Coast,Glasflaska,149.0,Bonterra Vineyards,17778,Bonterra,Zinfandel,2262001,22620,0,5,0.5,VCT Sweden AB,"Generöst fruktig smak med fatkaraktär, inslag av mörka körsbär, kryddpeppar, mjölkchoklad, mynta, vanilj och blåbär.",0,9,8,9,,,8,0,0,"[{'key': 'TasteClockBody', 'value': 9}, {'key': 'TasteClockRoughness', 'value': 8}, {'key': 'TasteClockFruitacid', 'value': 9}]","['Lamm', 'Nöt']",2021,750,750 ml,Bonterra Vineyards Bonterra Zinfandel 2021
14.0,Fast sortiment,Flaska,Vin,Rött vin,Fruktigt & Smakrikt,USA,"Rött vin, Fruktigt & Smakrikt",,['Cabernet sauvignon'],False,False,False,False,False,False,True,False,False,Kalifornien,North Coast,Glasflaska,199.0,Bonterra Vineyards,27612259,Bonterra Estate Collection,Cabernet Sauvignon,652601,6526,0,2,0.0,VCT Sweden AB,"Nyanserad, fruktig smak med fatkaraktär, inslag av svarta vinbär, blåbär, plommon, ceder, choklad, korinter, kaffe, mynta och vanilj.",0,10,8,9,,,9,0,0,"[{'key': 'TasteClockBody', 'value': 10}, {'key': 'TasteClockRoughness', 'value': 9}, {'key': 'TasteClockFruitacid', 'value': 9}]","['Lamm', 'Nöt', 'Vilt']",2020,750,750 ml,Bonterra Vineyards Bonterra Estate Collection Cabernet Sauvignon 2020
14.5,Fast sortiment,Flaska,Vin,Rött vin,Fruktigt & Smakrikt,USA,"Rött vin, Fruktigt & Smakrikt",,"['Syrah', 'Viognier']",False,False,False,False,False,False,False,False,False,Washington State,,Glasflaska,155.0,Charles Smith Wines,671577,Boom Boom!,Syrah,671401,6714,0,5,0.5,Philipson Söderberg AB,"Mycket fruktig smak med fatkaraktär, inslag av björnbär, plommon, lagerblad, hallon, svartpeppar, vanilj och kaffe.",0,9,8,9,,,9,0,0,"[{'key': 'TasteClockBody', 'value': 9}, {'key': 'TasteClockRoughness', 'value': 9}, {'key': 'TasteClockFruitacid', 'value': 9}]","['Lamm', 'Nöt']",2019,750,750 ml,Charles Smith Wines Boom Boom! Syrah 2019
14.0,Fast sortiment,Flaska,Vin,Rött vin,Stramt & Nyanserat,Italien,"Rött vin, Stramt & Nyanserat",,['Nebbiolo'],False,False,False,False,False,False,False,False,False,Piemonte,Langhe,Glasflaska,309.0,Giacomo Borgogno & Figli,1154547,Borgogno,No Name,7366101,73661,0,2,0.0,The WineAgency Sweden AB,"Nyanserad, kryddig, utvecklad smak med fatkaraktär, inslag av torkade körsbär, russin, nougat, tranbär, pomerans, tobak och svart te.",0,8,8,10,,,9,0,0,"[{'key': 'TasteClockBody', 'value': 8}, {'key': 'TasteClockRoughness', 'value': 9}, {'key': 'TasteClockFruitacid', 'value': 10}]","['Lamm', 'Nöt', 'Vilt']",2020,750,750 ml,Giacomo Borgogno & Figli Borgogno No Name 2020
14.5,Fast sortiment,Flaska,Vin,Rött vin,Fruktigt & Smakrikt,Italien,"Rött vin, Fruktigt & Smakrikt",,['Barbera'],False,False,False,False,False,False,False,False,False,Piemonte,Barbera d'Alba,Glasflaska,199.0,Giacomo Borgogno & Figli,992180,Borgogno,Barbera d'Alba Superiore,7420101,74201,0,2,0.0,The WineAgency Sweden AB,"Fruktig, nyanserad smak med inslag av fat, körsbär, blåbär, bergamott, lakrits och örter.",0,7,4,10,,,7,0,0,"[{'key': 'TasteClockBody', 'value': 7}, {'key': 'TasteClockRoughness', 'value': 7}, {'key': 'TasteClockFruitacid', 'value': 10}]","['Fläsk', 'Fågel', 'Grönsaker', 'Lamm']",2021,750,750 ml,Giacomo Borgogno & Figli Borgogno Barbera d'Alba Superiore 2021
14.5,Fast sortiment,Flaska,Vin,Rött vin,Stramt & Nyanserat,Italien,"Rött vin, Stramt & Nyanserat",,['Nebbiolo'],False,False,False,False,False,False,False,False,False,Piemonte,Barolo,Glasflaska,699.0,Giacomo Borgogno & Figli,2878812,Borgogno Barolo,Riserva,244301,2443,0,2,0.0,The WineAgency Sweden AB,"Komplex, kryddig, utvecklad smak med inslag av fat, torkade körsbär, kanel, nypon,   nougat, svart te, mogna jordgubbar och rosor.",0,8,4,10,,,10,0,0,"[{'key': 'TasteClockBody', 'value': 8}, {'key': 'TasteClockRoughness', 'value': 10}, {'key': 'TasteClockFruitacid', 'value': 10}]","['Nöt', 'Vilt']",2016,750,750 ml,Giacomo Borgogno & Figli Borgogno Barolo Riserva 2016
12.5,Fast sortiment,Flaska,Vin,Rött vin,Mjukt & Bärigt,Frankrike,"Rött vin, Mjukt & Bärigt",,['Pinot noir'],False,False,False,False,False,False,False,False,False,,,Glasflaska,99.0,Bouchard Aîné et Fils,229748,Bouchard Aîné,Pinot Noir,8253101,82531,0,3,0.3,Giertz Vinimport AB,"Bärig, något kryddig smak med fatkaraktär, inslag av jordgubbar, hallon, färska örter, nougat, viol och vanilj.",0,5,8,10,,,5,0,0,"[{'key': 'TasteClockBody', 'value': 5}, {'key': 'TasteClockRoughness', 'value': 5}, {'key': 'TasteClockFruitacid', 'value': 10}]","['Fläsk', 'Fågel', 'Lamm']",2022,750,750 ml,Bouchard Aîné et Fils Bouchard Aîné Pinot Noir 2022
13.0,Fast sortiment,Flaska,Vin,Rött vin,Kryddigt & Mustigt,Frankrike,"Rött vin, Kryddigt & Mustigt",,['Pinot noir'],False,False,False,False,False,False,False,False,False,Bourgogne,Côte Chalonnaise,Glasflaska,299.0,Bouchard Aîné et Fils,38495194,Bouchard Aîné et Fils,Givry,546501,5465,0,2,0.0,Giertz Vinimport AB,"Nyanserad, kryddig smak med fatkaraktär, inslag av skogshallon, mörka körsbär, blodapelsin, vanilj, tranbär, färska örter och sandelträ. 
",0,6,8,10,,,6,0,0,"[{'key': 'TasteClockBody', 'value': 6}, {'key': 'TasteClockRoughness', 'value': 6}, {'key': 'TasteClockFruitacid', 'value': 10}]","['Fläsk', 'Fågel', 'Grönsaker']",2022,750,750 ml,Bouchard Aîné et Fils Bouchard Aîné et Fils Givry 2022
12.5,Fast sortiment,Flaska,Vin,Rött vin,Mjukt & Bärigt,Frankrike,"Rött vin, Mjukt & Bärigt",,['Pinot noir'],False,False,False,False,False,False,False,False,False,Bourgogne,,Glasflaska,199.0,Albert Bichot,631019,Bourgogne,Vieilles Vignes de Pinot Noir Albert Bichot,547001,5470,0,2,0.0,Nigab,"Bärig smak med inslag av fat, hallon, körsbär, lingon och färska örter.",0,4,4,10,,,4,0,0,"[{'key': 'TasteClockBody', 'value': 4}, {'key': 'TasteClockRoughness', 'value': 4}, {'key': 'TasteClockFruitacid', 'value': 10}]","['Fisk', 'Fläsk', 'Fågel', 'Grönsaker']",2021,750,750 ml,Albert Bichot Bourgogne Vieilles Vignes de Pinot Noir Albert Bichot 2021
13.5,Fast sortiment,Flaska,Vin,Rött vin,Kryddigt & Mustigt,USA,"Rött vin, Kryddigt & Mustigt",,['Pinot noir'],False,False,False,False,False,False,False,False,False,Kalifornien,,Glasflaska,169.0,Bread & Butter Wines,24504503,Bread & Butter,Pinot Noir,7667101,76671,0,6,0.6,Sophronie Wines AB,"Kryddig, nyanserad smak med fatkaraktär, inslag av jordgubbar, kryddnejlika, smultron, mjölkchoklad, pomerans och vanilj.",0,5,8,9,,,4,0,0,"[{'key': 'TasteClockBody', 'value': 5}, {'key': 'TasteClockRoughness', 'value': 4}, {'key': 'TasteClockFruitacid', 'value': 9}]","['Buffémat', 'Fisk', 'Fågel', 'Grönsaker']",2021,750,750 ml,Bread & Butter Wines Bread & Butter Pinot Noir 2021
15.0,Fast sortiment,Flaska,Vin,Rött vin,Kryddigt & Mustigt,Italien,"Rött vin, Kryddigt & Mustigt",,[],False,False,False,False,False,False,False,False,False,Venetien,Veronese,Glasflaska,291.0,Brunelli,2644861,Brunelli,Campo del Maestro,7404501,74045,0,7,0.7,Wine Group Sweden AB,"Nyanserad, kryddig, något utvecklad smak med fatkaraktär, inslag av mörka körsbär, romrussin, nougat, kanel, kryddnejlika och vanilj. ",0,9,8,9,,,8,0,0,"[{'key': 'TasteClockBody', 'value': 9}, {'key': 'TasteClockRoughness', 'value': 8}, {'key': 'TasteClockFruitacid', 'value': 9}]","['Lamm', 'Nöt', 'Ost']",2021,750,750 ml,Brunelli Brunelli Campo del Maestro 2021
14.0,Fast sortiment,Flaska,Vin,Rött vin,Kryddigt & Mustigt,Italien,"Rött vin, Kryddigt & Mustigt",,['Sangiovese grosso'],False,False,False,False,False,False,True,False,False,Toscana,Brunello di Montalcino,Glasflaska,661.0,Az. Ag. Le Chiuse,26149576,Brunello di Montalcino,Le Chiuse,5700901,57009,0,2,0.0,Vinoliv Import AB,"Komplex, utvecklad, kryddig smak med fatkaraktär, inslag av torkade körsbär, tobak, jordgubbar, ceder, rökelse, pomerans, kakao och vanilj.",0,9,8,9,,,8,0,0,"[{'key': 'TasteClockBody', 'value': 9}, {'key': 'TasteClockRoughness', 'value': 8}, {'key': 'TasteClockFruitacid', 'value': 9}]","['Lamm', 'Nöt', 'Vilt']",2018,750,750 ml,Az. Ag. Le Chiuse Brunello di Montalcino Le Chiuse 2018
14.0,Fast sortiment,Flaska,Vin,Rött vin,Stramt & Nyanserat,Italien,"Rött vin, Stramt & Nyanserat",,['Brunello'],False,False,False,False,False,False,False,False,False,Toscana,Brunello di Montalcino,Glasflaska,279.0,Angelini Wines & Estates,26473,Brunello di Montalcino,Val di Suga,4230201,42302,0,2,0.0,Oenoforos AB,"Nyanserad, utvecklad, kryddig smak med fatkaraktär, inslag av körsbär, tobak, torkade jordgubbar, kanel, ceder, pomerans, kakao och nougat.",0,9,8,10,,,10,0,0,"[{'key': 'TasteClockBody', 'value': 9}, {'key': 'TasteClockRoughness', 'value': 10}, {'key': 'TasteClockFruitacid', 'value': 10}]","['Lamm', 'Nöt', 'Vilt']",2018,750,750 ml,Angelini Wines & Estates Brunello di Montalcino Val di Suga 2018
14.5,Fast sortiment,Flaska,Vin,Rött vin,Kryddigt & Mustigt,Italien,"Rött vin, Kryddigt & Mustigt",,['Brunello'],False,False,False,False,False,False,True,False,False,Toscana,Brunello di Montalcino,Glasflaska,309.0,Col d'Orcia,11070,Brunello di Montalcino,Col d'Orcia,1235701,12357,0,2,0.0,Carovin AB,"Nyanserad, kryddig smak med fatkaraktär, inslag av körsbär, kakao, salvia, korinter, peppar, nötter, kanel och pomerans.",0,9,8,10,,,9,0,0,"[{'key': 'TasteClockBody', 'value': 9}, {'key': 'TasteClockRoughness', 'value': 9}, {'key': 'TasteClockFruitacid', 'value': 10}]","['Lamm', 'Nöt', 'Vilt']",2018,750,750 ml,Col d'Orcia Brunello di Montalcino Col d'Orcia 2018
14.0,Fast sortiment,Flaska,Vin,Rött vin,Kryddigt & Mustigt,Italien,"Rött vin, Kryddigt & Mustigt",,['Sangiovese'],False,False,False,False,False,False,False,False,False,Toscana,Brunello di Montalcino,Glasflaska,289.0,Geografico,24552480,Brunello di Montalcino,Geografico,8041301,80413,0,2,0.0,Vinunic AB,"Utvecklad, kryddig, nyanserad smak med fatkaraktär, inslag av torkade körsbär, kanel, kakao, jordgubbar, nougat och pomerans.",0,8,8,10,,,9,0,0,"[{'key': 'TasteClockBody', 'value': 8}, {'key': 'TasteClockRoughness', 'value': 9}, {'key': 'TasteClockFruitacid', 'value': 10}]","['Lamm', 'Nöt', 'Vilt']",2018,750,750 ml,Geografico Brunello di Montalcino Geografico 2018
14.5,Fast sortiment,Flaska,Vin,Rött vin,Stramt & Nyanserat,Italien,"Rött vin, Stramt & Nyanserat",,['Brunello'],False,False,False,False,False,False,False,False,False,Toscana,Brunello di Montalcino,Glasflaska,289.0,Fattoi Ofelio & Figli Soc. Sempl. - Soc. Agr.,777770,Brunello di Montalcino,Fattoi,309701,3097,0,2,0.0,Concealed Wines AB,"Kryddig, balanserad, något utvecklad smak med fatkaraktär, inslag av körsbär, kanel, skogshallon, pomerans, kakao, lagerblad och pinjenötter.",0,10,8,10,,,10,0,0,"[{'key': 'TasteClockBody', 'value': 10}, {'key': 'TasteClockRoughness', 'value': 10}, {'key': 'TasteClockFruitacid', 'value': 10}]","['Lamm', 'Nöt', 'Vilt']",2017,750,750 ml,Fattoi Ofelio & Figli Soc. Sempl. - Soc. Agr. Brunello di Montalcino Fattoi 2017
15.0,Fast sortiment,Flaska,Vin,Rött vin,Stramt & Nyanserat,Italien,"Rött vin, Stramt & Nyanserat",,['Brunello'],False,False,False,False,False,False,False,False,False,Toscana,Brunello di Montalcino,Glasflaska,399.0,Folonari,857333,Brunello di Montalcino,La Fuga,1233001,12330,0,2,0.0,Terrific Wines AB,"Komplex, kryddig, utvecklad smak med fatkaraktär, inslag av torkade körsbär, pomerans, sandelträ, salvia, choklad, nötter och kanel.",0,9,8,10,,,9,0,0,"[{'key': 'TasteClockBody', 'value': 9}, {'key': 'TasteClockRoughness', 'value': 9}, {'key': 'TasteClockFruitacid', 'value': 10}]","['Lamm', 'Nöt', 'Vilt']",2018,750,750 ml,Folonari Brunello di Montalcino La Fuga 2018
14.5,Fast sortiment,Flaska,Vin,Rött vin,Kryddigt & Mustigt,USA,"Rött vin, Kryddigt & Mustigt",,['Pinot noir'],False,False,False,False,False,False,False,False,False,Kalifornien,North Coast,Glasflaska,269.0,Buena Vista Winery,807231,Buena Vista,Carneros Pinot Noir,638001,6380,0,2,0.0,Giertz Vinimport AB,"Nyanserad, kryddig smak med rostad fatkaraktär, inslag av mogna jordgubbar, nougat, körsbär, choklad, kaffe, sandelträ och vanilj.",0,6,10,9,,,5,0,0,"[{'key': 'TasteClockBody', 'value': 6}, {'key': 'TasteClockRoughness', 'value': 5}, {'key': 'TasteClockFruitacid', 'value': 9}]","['Fläsk', 'Lamm']",2020,750,750 ml,Buena Vista Winery Buena Vista Carneros Pinot Noir 2020
14.0,Fast sortiment,Flaska,Vin,Rött vin,Fruktigt & Smakrikt,USA,"Rött vin, Fruktigt & Smakrikt",,['Zinfandel'],False,False,False,False,False,False,False,False,False,Kalifornien,,Glasflaska,119.0,House of Big Wines,11418593,Buffalo Barrel,California Zinfandel,7757301,77573,0,16,1.6,The Wine Team Global AB,"Mycket fruktig smak med fatkaraktär och liten sötma, inslag av mogna jordgubbar, mjölkchoklad, mynta, blåbär och vanilj.",0,8,8,8,,,5,0,0,"[{'key': 'TasteClockBody', 'value': 8}, {'key': 'TasteClockRoughness', 'value': 5}, {'key': 'TasteClockFruitacid', 'value': 8}]","['Lamm', 'Nöt', 'Sällskapsdryck']",2021,750,750 ml,House of Big Wines Buffalo Barrel California Zinfandel 2021
13.5,Fast sortiment,Flaska,Vin,Rött vin,Kryddigt & Mustigt,USA,"Rött vin, Kryddigt & Mustigt",,['Pinot noir'],False,False,False,False,False,False,False,False,False,Kalifornien,,Glasflaska,168.0,Miller Family Wine Company,27612256,Butternut Pinot Noir,Miller Family Wine Company,650501,6505,0,2,0.0,Valbon AB,"Nyanserad, kryddig smak med inslag av fat, körsbär, hallon, nougat, vanilj, mynta, blodapelsin och ingefära.

",0,6,4,9,,,5,0,0,"[{'key': 'TasteClockBody', 'value': 6}, {'key': 'TasteClockRoughness', 'value': 5}, {'key': 'TasteClockFruitacid', 'value': 9}]","['Fläsk', 'Fågel', 'Grönsaker']",2022,750,750 ml,Miller Family Wine Company Butternut Pinot Noir Miller Family Wine Company 2022
15.0,Fast sortiment,Flaska,Vin,Rött vin,Kryddigt & Mustigt,Italien,"Rött vin, Kryddigt & Mustigt",,"['Corvina', 'Rondinella', 'Molinara']",False,False,False,False,False,False,True,False,False,Venetien,Valpolicella,Glasflaska,289.0,Ca' Montini,11255,Ca' Montini,Amarone Organic,1236301,12363,0,10,1.0,Domaine Wines Sweden AB,"Kryddig, något utvecklad smak med inslag av fat, mörka körsbär, choklad, kardemumma, russin, kanel och nötter.",0,10,4,9,,,9,0,0,"[{'key': 'TasteClockBody', 'value': 10}, {'key': 'TasteClockRoughness', 'value': 9}, {'key': 'TasteClockFruitacid', 'value': 9}]","['Nöt', 'Ost', 'Vilt']",2019,750,750 ml,Ca' Montini Ca' Montini Amarone Organic 2019
11.5,Fast sortiment,Flaska,Vin,Rött vin,Mjukt & Bärigt,Italien,"Rött vin, Mjukt & Bärigt",,['Lambrusco di sorbara'],False,False,False,False,False,False,False,False,False,Emilia-Romagna,Lambrusco di Sorbara,Glasflaska,159.0,Zanasi Società Agricola S.S.,24618016,Ca' Vedole,Lambrusco di Sorbara,233901,2339,0,2,0.0,Vinunic AB,"Nyanserat, bärigt, mycket friskt, pärlande vin med inslag av jordgubbar, körsbär, örter,   röda vinbär och blodapelsin.",0,4,1,10,,,2,0,0,"[{'key': 'TasteClockBody', 'value': 4}, {'key': 'TasteClockRoughness', 'value': 2}, {'key': 'TasteClockFruitacid', 'value': 10}]","['Buffémat', 'Fläsk', 'Fågel', 'Grönsaker']",2022,750,750 ml,Zanasi Società Agricola S.S. Ca' Vedole Lambrusco di Sorbara 2022
13.5,Fast sortiment,Flaska,Vin,Rött vin,Kryddigt & Mustigt,Italien,"Rött vin, Kryddigt & Mustigt",,['Sangiovese'],False,False,False,False,False,False,True,False,False,Toscana,Chianti Classico,Glasflaska,175.0,Basilica Cafaggio,45764,Cafaggio,Chianti Classico,2281701,22817,0,2,0.0,Giertz Vinimport AB,"Kryddig smak med fatkaraktär, inslag av torkade körsbär, salvia, kanel, nypon, kakao och skogshallon.",0,8,8,10,,,8,0,0,"[{'key': 'TasteClockBody', 'value': 8}, {'key': 'TasteClockRoughness', 'value': 8}, {'key': 'TasteClockFruitacid', 'value': 10}]","['Lamm', 'Nöt']",2021,750,750 ml,Basilica Cafaggio Cafaggio Chianti Classico 2021
14.5,Fast sortiment,Flaska,Vin,Rött vin,Kryddigt & Mustigt,USA,"Rött vin, Kryddigt & Mustigt",,['Pinot noir'],False,False,False,False,False,False,False,False,False,Kalifornien,Central Coast,Glasflaska,299.0,Calera Wine Company,43116,Calera,Pinot Noir,8728201,87282,0,2,0.0,Johan Lidby Vinhandel AB,"Nyanserad, kryddig smak med fatkaraktär, inslag av jordgubbar, fransk nougat, blodapelsin, kardemumma, skogshallon, choklad och vanilj.",0,6,8,9,,,5,0,0,"[{'key': 'TasteClockBody', 'value': 6}, {'key': 'TasteClockRoughness', 'value': 5}, {'key': 'TasteClockFruitacid', 'value': 9}]","['Fläsk', 'Fågel', 'Grönsaker', 'Lamm']",2020,750,750 ml,Calera Wine Company Calera Pinot Noir 2020
14.0,Fast sortiment,Flaska,Vin,Rött vin,Stramt & Nyanserat,Italien,"Rött vin, Stramt & Nyanserat",,['Cannonau'],False,False,False,False,False,False,False,False,False,Sardinien,Cannonau di Sardegna,Glasflaska,159.0,Tenuta Sella & Mosca,1060062,Cannonau di Sardegna,Riserva,200401,2004,0,2,0.0,Wine Affair Scandinavia AB,"Nyanserad, kryddig smak med fatkaraktär, inslag av torkade körsbär, pomerans, lagerblad, hallon, svarta oliver och kakao.",0,9,8,9,,,9,0,0,"[{'key': 'TasteClockBody', 'value': 9}, {'key': 'TasteClockRoughness', 'value': 9}, {'key': 'TasteClockFruitacid', 'value': 9}]","['Lamm', 'Nöt', 'Vilt']",2020,750,750 ml,Tenuta Sella & Mosca Cannonau di Sardegna Riserva 2020
15.0,Fast sortiment,Flaska,Vin,Rött vin,Kryddigt & Mustigt,Italien,"Rött vin, Kryddigt & Mustigt",,[],False,False,False,False,False,False,False,False,False,Venetien,Valpolicella,Glasflaska,215.0,Luigi Righetti,11261,Capitel de'Roari,Amarone,1236601,12366,0,5,0.5,Nelex Beverage AB,"Kryddig, utvecklad smak med fatkaraktär, inslag av torkade körsbär, choklad, romrussin, pomerans, nötter, tobak och vanilj.",0,10,8,10,,,10,0,0,"[{'key': 'TasteClockBody', 'value': 10}, {'key': 'TasteClockRoughness', 'value': 10}, {'key': 'TasteClockFruitacid', 'value': 10}]","['Lamm', 'Nöt', 'Ost', 'Vilt']",2019,750,750 ml,Luigi Righetti Capitel de'Roari Amarone 2019
13.5,Fast sortiment,Flaska,Vin,Rött vin,Fruktigt & Smakrikt,Italien,"Rött vin, Fruktigt & Smakrikt",,[],False,False,False,False,False,False,True,False,False,Toscana,,Glasflaska,109.0,Casa Capriolo,825755,Casa Capriolo,Governo,7100201,71002,0,10,1.0,The Wine Team Global AB,"Nyanserad, fruktig, något kryddig smak med fatkaraktär, inslag av körsbär, skogshallon, salvia, korinter, choklad, svart te och vanilj.",0,8,8,10,,,8,0,0,"[{'key': 'TasteClockBody', 'value': 8}, {'key': 'TasteClockRoughness', 'value': 8}, {'key': 'TasteClockFruitacid', 'value': 10}]","['Grönsaker', 'Lamm', 'Nöt']",2022,750,750 ml,Casa Capriolo Casa Capriolo Governo 2022
14.5,Fast sortiment,Flaska,Vin,Rött vin,Kryddigt & Mustigt,Italien,"Rött vin, Kryddigt & Mustigt",,"['Primitivo', 'Malvasía', 'Negroamaro']",False,False,False,False,False,False,True,False,False,Apulien,,Glasflaska,115.0,Casa Marrone,1062289,Casa Marrone,Appassimento,7357001,73570,0,9,0.9,The Wine Team Global AB,"Kryddig smak med fatkaraktär, inslag av mörka körsbär, choklad, romrussin, peppar och vanilj.",0,9,8,9,,,8,0,0,"[{'key': 'TasteClockBody', 'value': 9}, {'key': 'TasteClockRoughness', 'value': 8}, {'key': 'TasteClockFruitacid', 'value': 9}]","['Lamm', 'Nöt']",2022,750,750 ml,Casa Marrone Casa Marrone Appassimento 2022
14.5,Fast sortiment,Flaska,Vin,Rött vin,Kryddigt & Mustigt,Italien,"Rött vin, Kryddigt & Mustigt",,['Primitivo'],False,False,False,False,False,False,True,False,False,Apulien,,Glasflaska,145.0,Casa Marrone,1198955,Casa Marrone,Gran Marrone Appassimento,7668601,76686,0,9,0.9,The Wine Team Global AB,"Kryddigt, smakrikt vin med liten sötma, inslag av fat, romrussin, choklad, vanilj, mörka körsbär, plommon och nötter.",0,9,4,9,,,8,0,0,"[{'key': 'TasteClockBody', 'value': 9}, {'key': 'TasteClockRoughness', 'value': 8}, {'key': 'TasteClockFruitacid', 'value': 9}]","['Lamm', 'Nöt']",2022,750,750 ml,Casa Marrone Casa Marrone Gran Marrone Appassimento 2022
13.5,Fast sortiment,Flaska,Vin,Rött vin,Kryddigt & Mustigt,Italien,"Rött vin, Kryddigt & Mustigt",,['Corvina'],False,False,False,False,False,False,False,False,False,Venetien,Veronese,Glasflaska,89.0,Cantine Riondo,50947,Casalforte,Corvina Veronese,2307201,23072,0,6,0.6,Nigab,"Kryddig smak med inslag av fat, körsbär, choklad, salvia, muskot, skogshallon och vanilj.",0,8,4,9,,,7,0,0,"[{'key': 'TasteClockBody', 'value': 8}, {'key': 'TasteClockRoughness', 'value': 7}, {'key': 'TasteClockFruitacid', 'value': 9}]","['Lamm', 'Nöt']",2020,750,750 ml,Cantine Riondo Casalforte Corvina Veronese 2020
15.0,Fast sortiment,Flaska,Vin,Rött vin,Kryddigt & Mustigt,Italien,"Rött vin, Kryddigt & Mustigt",,[],False,False,False,False,False,False,False,False,False,Venetien,Valpolicella,Glasflaska,229.0,Cantine Riondo,545091,Casalforte,Amarone della Valpolicella,1237901,12379,0,7,0.7,Nigab,"Kryddig smak med inslag av fat, mörka körsbär, kanel, romrussin, mogna jordgubbar, kryddnejlika, nötter och choklad.",0,10,4,10,,,9,0,0,"[{'key': 'TasteClockBody', 'value': 10}, {'key': 'TasteClockRoughness', 'value': 9}, {'key': 'TasteClockFruitacid', 'value': 10}]","['Nöt', 'Ost', 'Vilt']",2019,750,750 ml,Cantine Riondo Casalforte Amarone della Valpolicella 2019
13.5,Fast sortiment,Flaska,Vin,Rött vin,Kryddigt & Mustigt,Italien,"Rött vin, Kryddigt & Mustigt",,[],False,False,False,False,False,False,False,False,False,Venetien,Valpolicella,Glasflaska,119.0,Cantine Riondo,579549,Casalforte,Ripasso,535201,5352,0,10,1.0,Nigab,"Kryddig smak med inslag av fat, körsbär, kanel, plommon, choklad, peppar, korinter och vanilj.",0,8,4,9,,,8,0,0,"[{'key': 'TasteClockBody', 'value': 8}, {'key': 'TasteClockRoughness', 'value': 8}, {'key': 'TasteClockFruitacid', 'value': 9}]","['Lamm', 'Nöt']",2021,750,750 ml,Cantine Riondo Casalforte Ripasso 2021
13.0,Fast sortiment,Flaska,Vin,Rött vin,Kryddigt & Mustigt,Italien,"Rött vin, Kryddigt & Mustigt",,"['Sangiovese', 'Colorino']",False,False,False,False,False,False,True,False,False,Toscana,Chianti,Glasflaska,119.0,Castelgufo,1195001,Castelgufo,Chianti Riserva Organic,7238901,72389,0,4,0.4,The Wine Team Global AB,"Kryddig smak med fatkaraktär, inslag av mörka körsbär, plommon, svart te, kaffe, svarta vinbär, choklad och örter. ",0,7,8,10,,,8,0,0,"[{'key': 'TasteClockBody', 'value': 7}, {'key': 'TasteClockRoughness', 'value': 8}, {'key': 'TasteClockFruitacid', 'value': 10}]","['Lamm', 'Nöt']",2020,750,750 ml,Castelgufo Castelgufo Chianti Riserva Organic 2020
15.0,Fast sortiment,Flaska,Vin,Rött vin,Kryddigt & Mustigt,Italien,"Rött vin, Kryddigt & Mustigt",,[],False,False,False,False,False,False,False,False,False,Venetien,Valpolicella,Glasflaska,199.0,Cantina Valpolicella Negrar,1008061,Castelmare,Amarone della Valpolicella Classico,7570701,75707,0,10,1.0,Carovin AB,"Kryddig, nyanserad smak med inslag av mörka körsbär, choklad, kryddnejlika,  romrussin, nötter och vanilj.",0,10,8,9,,,9,0,0,"[{'key': 'TasteClockBody', 'value': 10}, {'key': 'TasteClockRoughness', 'value': 9}, {'key': 'TasteClockFruitacid', 'value': 9}]","['Nöt', 'Ost', 'Vilt']",2020,750,750 ml,Cantina Valpolicella Negrar Castelmare Amarone della Valpolicella Classico 2020
15.0,Fast sortiment,Flaska,Vin,Rött vin,Kryddigt & Mustigt,Italien,"Rött vin, Kryddigt & Mustigt",,[],False,False,False,False,False,False,False,False,False,Venetien,Valpolicella,Glasflaska,199.0,Cantina Valpolicella Negrar,1008061,Castelmare,Amarone della Valpolicella Classico,7570701,75707,0,10,1.0,Carovin AB,"Kryddig, nyanserad smak med inslag av mörka körsbär, choklad, kryddnejlika,  romrussin, nötter och vanilj.",0,10,8,9,,,9,0,0,"[{'key': 'TasteClockBody', 'value': 10}, {'key': 'TasteClockRoughness', 'value': 9}, {'key': 'TasteClockFruitacid', 'value': 9}]","['Nöt', 'Ost', 'Vilt']",2020,750,750 ml,Cantina Valpolicella Negrar Castelmare Amarone della Valpolicella Classico 2020
13.5,Fast sortiment,Flaska,Vin,Rött vin,Kryddigt & Mustigt,Italien,"Rött vin, Kryddigt & Mustigt",,[],False,False,False,False,False,False,False,False,False,Venetien,Valpolicella,Glasflaska,119.0,Cantina Valpolicella Negrar,3914910,Castelmare,Valpolicella Ripasso,7563001,75630,0,8,0.8,Carovin AB,"Kryddig smak med inslag av fat, mörka körsbär, mörk choklad, skogshallon, kryddnejlika och vanilj.",0,8,4,9,,,8,0,0,"[{'key': 'TasteClockBody', 'value': 8}, {'key': 'TasteClockRoughness', 'value': 8}, {'key': 'TasteClockFruitacid', 'value': 9}]","['Lamm', 'Nöt']",2021,750,750 ml,Cantina Valpolicella Negrar Castelmare Valpolicella Ripasso 2021
13.5,Fast sortiment,Flaska,Vin,Rött vin,Kryddigt & Mustigt,Italien,"Rött vin, Kryddigt & Mustigt",,[],False,False,False,False,False,False,False,False,False,Venetien,Valpolicella,Glasflaska,119.0,Winepartners Nordic AB,23475463,Castelmondo,Valpolicella Ripasso Superiore,7318601,73186,0,7,0.7,Winepartners Nordic AB,"Kryddig smak med inslag av fat, körsbär, svartpeppar, russin och vanilj.",0,7,4,9,,,7,0,0,"[{'key': 'TasteClockBody', 'value': 7}, {'key': 'TasteClockRoughness', 'value': 7}, {'key': 'TasteClockFruitacid', 'value': 9}]","['Grönsaker', 'Lamm', 'Nöt']",2019,750,750 ml,Winepartners Nordic AB Castelmondo Valpolicella Ripasso Superiore 2019
13.0,Fast sortiment,Flaska,Vin,Rött vin,Kryddigt & Mustigt,Italien,"Rött vin, Kryddigt & Mustigt",,[],False,False,False,False,False,False,False,False,False,Venetien,Valpolicella,Glasflaska,95.0,Fields Wine Company AB,24522040,Casteloro,Valpolicella,7776801,77768,0,7,0.7,Fields Wine Company AB,"Kryddig, fruktig smak med inslag av fat, körsbär, jordgubbar, kanel, choklad och salvia.",0,7,4,9,,,7,0,0,"[{'key': 'TasteClockBody', 'value': 7}, {'key': 'TasteClockRoughness', 'value': 7}, {'key': 'TasteClockFruitacid', 'value': 9}]","['Fläsk', 'Grönsaker', 'Lamm', 'Nöt']",2022,750,750 ml,Fields Wine Company AB Casteloro Valpolicella 2022
13.5,Fast sortiment,Flaska,Vin,Rött vin,Kryddigt & Mustigt,Italien,"Rött vin, Kryddigt & Mustigt",,[],False,False,False,False,False,False,True,False,False,Venetien,Valpolicella,Glasflaska,149.0,Fields Wine Company AB,24613483,Casteloro,Valpolicella Ripasso Organic,5256801,52568,0,8,0.8,Fields Wine Company AB,"Nyanserad, kryddig smak med liten sötma, inslag av fat, torkade körsbär, kakao, mogna jordgubbar, pomerans, örter och vanilj.",0,8,8,9,,,8,0,0,"[{'key': 'TasteClockBody', 'value': 8}, {'key': 'TasteClockRoughness', 'value': 8}, {'key': 'TasteClockFruitacid', 'value': 9}]","['Lamm', 'Nöt', 'Ost']",2021,750,750 ml,Fields Wine Company AB Casteloro Valpolicella Ripasso Organic 2021
13.0,Fast sortiment,Flaska,Vin,Rött vin,Kryddigt & Mustigt,Italien,"Rött vin, Kryddigt & Mustigt",,[],False,False,False,False,False,False,False,False,False,Venetien,Valpolicella,Glasflaska,109.0,Fields Wine Company AB,12413597,Casteloro,Valpolicella Ripasso Superiore,7349801,73498,0,7,0.7,Fields Wine Company AB,"Kryddig smak med fatkaraktär, inslag av mörka körsbär, choklad, plommon, örter och vanilj.",0,8,8,9,,,7,0,0,"[{'key': 'TasteClockBody', 'value': 8}, {'key': 'TasteClockRoughness', 'value': 7}, {'key': 'TasteClockFruitacid', 'value': 9}]","['Grönsaker', 'Lamm', 'Nöt']",2021,750,750 ml,Fields Wine Company AB Casteloro Valpolicella Ripasso Superiore 2021
13.0,Fast sortiment,Flaska,Vin,Rött vin,Fruktigt & Smakrikt,Italien,"Rött vin, Fruktigt & Smakrikt",,['Sangiovese'],False,False,False,False,False,False,True,False,False,Toscana,Chianti,Glasflaska,109.0,Ricasoli,616786,Chianti,del Barone Ricasoli,270001,2700,0,2,0.0,Lively Wines Sweden AB,"Fruktig smak med inslag av fat, körsbär, salvia, skogshallon, kanel och vanilj.",0,7,4,10,,,7,0,0,"[{'key': 'TasteClockBody', 'value': 7}, {'key': 'TasteClockRoughness', 'value': 7}, {'key': 'TasteClockFruitacid', 'value': 10}]","['Buffémat', 'Fläsk', 'Grönsaker', 'Lamm']",2022,750,750 ml,Ricasoli Chianti del Barone Ricasoli 2022
14.5,Fast sortiment,Flaska,Vin,Rött vin,Kryddigt & Mustigt,Frankrike,"Rött vin, Kryddigt & Mustigt",,"['Counoise', 'Mourvèdre', 'Grenache', 'Syrah']",False,False,False,False,False,False,False,False,False,Rhonedalen,Côtes du Rhône,Glasflaska,139.0,Château Courac,18221342,Château Courac,Côtes du Rhône Villages Laudun,200701,2007,0,2,0.0,Carovin AB,"Nyanserad, kryddig smak med inslag av fat, björnbär, lagerblad, katrinplommon, lakrits, charkuterier, lagerblad och vitpeppar.",0,9,4,9,,,9,0,0,"[{'key': 'TasteClockBody', 'value': 9}, {'key': 'TasteClockRoughness', 'value': 9}, {'key': 'TasteClockFruitacid', 'value': 9}]","['Lamm', 'Nöt']",2020,750,750 ml,Château Courac Château Courac Côtes du Rhône Villages Laudun 2020
14.0,Fast sortiment,Flaska,Vin,Rött vin,Stramt & Nyanserat,Frankrike,"Rött vin, Stramt & Nyanserat",,"['Merlot', 'Cabernet franc']",False,False,False,False,False,False,False,False,False,Bordeaux,Pomerol,Glasflaska,699.0,Château La Grave à Pomerol,21604,Château La Grave à Pomerol,Trigant de Boisset,7344501,73445,0,2,0.0,Hjo Grosshandel AB,"Komplex, balanserad, utvecklad smak med rostad fatkaraktär, inslag av korinter, svarta vinbär, tobak, plommon, kaffe, ceder, kakao och vanilj.",0,9,8,9,,,9,0,0,"[{'key': 'TasteClockBody', 'value': 9}, {'key': 'TasteClockRoughness', 'value': 9}, {'key': 'TasteClockFruitacid', 'value': 9}]","['Lamm', 'Nöt', 'Vilt']",2017,750,750 ml,Château La Grave à Pomerol Château La Grave à Pomerol Trigant de Boisset 2017
15.0,Fast sortiment,Flaska,Vin,Rött vin,Kryddigt & Mustigt,Frankrike,"Rött vin, Kryddigt & Mustigt",,"['Cinsault', 'Muscardin', 'Grenache', 'Syrah', 'Mourvèdre']",False,False,False,False,False,False,False,False,False,Rhonedalen,Châteauneuf-du-Pape,Glasflaska,349.0,Château Mont-Redon,8399,Château Mont-Redon,Châteauneuf-du-Pape,281101,2811,0,2,0.0,Ward Wines AB,"Kryddig, nyanserad smak med inslag av fat, björnbär, plommon, lagerblad, körsbär, sandelträ, svartpeppar, viol och lakrits.",0,8,4,9,,,8,0,0,"[{'key': 'TasteClockBody', 'value': 8}, {'key': 'TasteClockRoughness', 'value': 8}, {'key': 'TasteClockFruitacid', 'value': 9}]","['Lamm', 'Nöt', 'Vilt']",2021,750,750 ml,Château Mont-Redon Château Mont-Redon Châteauneuf-du-Pape 2021
14.0,Fast sortiment,Flaska,Vin,Rött vin,Stramt & Nyanserat,Frankrike,"Rött vin, Stramt & Nyanserat",,['Merlot'],False,False,False,False,False,False,True,False,False,Bordeaux,Blaye Côtes de Bordeaux,Glasflaska,169.0,Icon Wines,16757940,Château Morillon,Cuvée Jardin Royal Organic,7472901,74729,0,2,0.0,The Wine Team Global AB,"Nyanserad, fruktig smak med fatkaraktär, inslag av svarta vinbär, kakao, ceder, plommon, kaffe, örter och vanilj.",0,9,8,9,,,9,0,0,"[{'key': 'TasteClockBody', 'value': 9}, {'key': 'TasteClockRoughness', 'value': 9}, {'key': 'TasteClockFruitacid', 'value': 9}]","['Lamm', 'Nöt', 'Vilt']",2021,750,750 ml,Icon Wines Château Morillon Cuvée Jardin Royal Organic 2021
13.0,Fast sortiment,Flaska,Vin,Rött vin,Stramt & Nyanserat,Frankrike,"Rött vin, Stramt & Nyanserat",,"['Merlot', 'Cabernet sauvignon', 'Petit verdot']",False,False,False,False,False,False,False,False,False,Bordeaux,Médoc,Glasflaska,164.0,EARL de Montignac,24424403,Château Pierre de Montignac,Médoc Cru Bourgeois Supérieur,259301,2593,0,2,0.0,The Wine Team Global AB,"Nyanserad, fruktig smak med tydlig rostad fatkaraktär, inslag av svarta vinbär, plommon, kakao, korinter, ceder, kaffe och vanilj.",0,9,10,9,,,9,0,0,"[{'key': 'TasteClockBody', 'value': 9}, {'key': 'TasteClockRoughness', 'value': 9}, {'key': 'TasteClockFruitacid', 'value': 9}]","['Lamm', 'Nöt', 'Vilt']",2020,750,750 ml,EARL de Montignac Château Pierre de Montignac Médoc Cru Bourgeois Supérieur 2020
13.5,Fast sortiment,Flaska,Vin,Rött vin,Stramt & Nyanserat,Frankrike,"Rött vin, Stramt & Nyanserat",,"['Merlot', 'Malbec', 'Cabernet sauvignon', 'Cabernet franc']",False,False,False,False,False,False,False,False,False,Bordeaux,Bordeaux Supérieur,Glasflaska,145.0,Château de Seguin,1091957,Château Quinsac,Bordeaux Supérieur,360101,3601,0,2,0.0,Morningstar Brands AB,"Nyanserad, något utvecklad smak med rostad fatkaraktär, inslag av svarta vinbär, ceder, plommon, kaffe, korinter och mörk choklad.",0,9,8,9,,,9,0,0,"[{'key': 'TasteClockBody', 'value': 9}, {'key': 'TasteClockRoughness', 'value': 9}, {'key': 'TasteClockFruitacid', 'value': 9}]","['Lamm', 'Nöt', 'Vilt']",2018,750,750 ml,Château de Seguin Château Quinsac Bordeaux Supérieur 2018
15.0,Fast sortiment,Flaska,Vin,Rött vin,Kryddigt & Mustigt,Frankrike,"Rött vin, Kryddigt & Mustigt",,[],False,False,False,False,False,False,True,False,False,Rhonedalen,Châteauneuf-du-Pape,Glasflaska,339.0,Alain Jaume,963317,Châteauneuf-du-Pape,Domaine Grand Veneur,284501,2845,0,2,0.0,Hermansson & Co AB,"Nyanserad, kryddig, balanserad smak med inslag av fat, björnbär, lagerblad, plommon, svartpeppar, skogshallon, choklad och viol. ",0,10,4,10,,,10,0,0,"[{'key': 'TasteClockBody', 'value': 10}, {'key': 'TasteClockRoughness', 'value': 10}, {'key': 'TasteClockFruitacid', 'value': 10}]","['Lamm', 'Nöt', 'Vilt']",2021,750,750 ml,Alain Jaume Châteauneuf-du-Pape Domaine Grand Veneur 2021
14.0,Fast sortiment,Flaska,Vin,Rött vin,Kryddigt & Mustigt,Frankrike,"Rött vin, Kryddigt & Mustigt",,"['Grenache', 'Mourvèdre', 'Syrah', 'Cinsault']",False,False,False,False,False,False,False,False,False,Rhonedalen,Châteauneuf-du-Pape,Glasflaska,399.0,André Brunel,726261,Châteauneuf-du-Pape Les Cailloux,Domaine André Brunel,7912101,79121,0,2,0.0,Tryffelsvinet AB,"Nyanserad, kryddig smak med inslag av fat, jordgubbar, rosmarin, skogshallon, svartpeppar, muskot, plommon och pomerans.",0,9,4,9,,,9,0,0,"[{'key': 'TasteClockBody', 'value': 9}, {'key': 'TasteClockRoughness', 'value': 9}, {'key': 'TasteClockFruitacid', 'value': 9}]","['Lamm', 'Nöt', 'Vilt']",2020,750,750 ml,André Brunel Châteauneuf-du-Pape Les Cailloux Domaine André Brunel 2020
13.5,Fast sortiment,Flaska,Vin,Rött vin,Fruktigt & Smakrikt,Chile,"Rött vin, Fruktigt & Smakrikt",,"['Cabernet sauvignon', 'Carmenère', 'Syrah']",False,False,False,False,False,False,True,False,False,Valle Central,Rapel,Glasflaska,99.0,Viña Cono Sur,537258,Cono Sur,Cabernet Sauvignon Carmenere Syrah Organic,658601,6586,0,2,0.0,VCT Sweden AB,"Fruktig smak med fatkaraktär, inslag av svarta vinbär, blåbär, choklad, kryddor och vanilj.",0,8,8,9,,,8,0,0,"[{'key': 'TasteClockBody', 'value': 8}, {'key': 'TasteClockRoughness', 'value': 8}, {'key': 'TasteClockFruitacid', 'value': 9}]","['Grönsaker', 'Lamm', 'Nöt']",2021,750,750 ml,Viña Cono Sur Cono Sur Cabernet Sauvignon Carmenere Syrah Organic 2021
13.5,Fast sortiment,Flaska,Vin,Rött vin,Fruktigt & Smakrikt,Italien,"Rött vin, Fruktigt & Smakrikt",,"[""Nero d'avola"", 'Merlot']",False,False,False,False,False,False,True,False,False,Sicilien,Noto,Glasflaska,161.0,Aziende Agricole Planeta s.s.,36798070,Controdanza,Planeta,201001,2010,0,2,0.0,Philipson Söderberg AB,"Fruktig smak med fatkaraktär, inslag av körsbär, plommon, rökig mineral, örter, choklad och vanilj.",0,8,8,10,,,8,0,0,"[{'key': 'TasteClockBody', 'value': 8}, {'key': 'TasteClockRoughness', 'value': 8}, {'key': 'TasteClockFruitacid', 'value': 10}]","['Grönsaker', 'Lamm', 'Nöt']",2022,750,750 ml,Aziende Agricole Planeta s.s. Controdanza Planeta 2022
14.0,Fast sortiment,Flaska,Vin,Rött vin,Fruktigt & Smakrikt,Italien,"Rött vin, Fruktigt & Smakrikt",,['Montepulciano'],False,False,False,False,False,False,True,False,False,Abruzzerna,Montepulciano d'Abruzzo,Glasflaska,129.0,Soc Coop Ag Olearia Vinicola Orsogna,19450781,Coste di moro,Lunaria Montepulciano d`Abruzzo,7823001,78230,0,12,1.2,Urban Wines AB,"Mycket fruktig smak med liten sötma, inslag av fat, björnbär, choklad, russin, plommon och vanilj.",0,9,4,9,,,7,0,0,"[{'key': 'TasteClockBody', 'value': 9}, {'key': 'TasteClockRoughness', 'value': 7}, {'key': 'TasteClockFruitacid', 'value': 9}]","['Grönsaker', 'Lamm', 'Nöt']",2019,750,750 ml,Soc Coop Ag Olearia Vinicola Orsogna Coste di moro Lunaria Montepulciano d`Abruzzo 2019
13.0,Fast sortiment,Flaska,Vin,Rött vin,Kryddigt & Mustigt,Frankrike,"Rött vin, Kryddigt & Mustigt",,['Pinot noir'],False,False,False,False,False,False,False,False,False,Bourgogne,,Glasflaska,239.0,Louis Jadot,48209,Couvent des Jacobins,Bourgogne Rouge,528301,5283,0,2,0.0,Wine Affair Scandinavia AB,"Kryddig smak med inslag av fat, jordgubbar, sandelträ, hallon, kanel och örter.",0,5,4,10,,,5,0,0,"[{'key': 'TasteClockBody', 'value': 5}, {'key': 'TasteClockRoughness', 'value': 5}, {'key': 'TasteClockFruitacid', 'value': 10}]","['Buffémat', 'Fläsk', 'Fågel', 'Grönsaker']",2022,750,750 ml,Louis Jadot Couvent des Jacobins Bourgogne Rouge 2022
14.5,Fast sortiment,Flaska,Vin,Rött vin,Fruktigt & Smakrikt,Australien,"Rött vin, Fruktigt & Smakrikt",,['Shiraz'],False,False,False,False,False,False,False,False,False,South Australia,Adelaide,Glasflaska,135.0,Dandelion Vineyards,503391,Dandelion Vineyards,Lionheart of the Barossa Shiraz,212901,2129,0,2,0.0,Tryffelsvinet AB,"Smakrikt, mycket fruktigt vin med rostad fatkaraktär, inslag av björnbär, svartpeppar, plommon, mörk choklad, mynta, kaffe och vanilj.",0,10,8,9,,,9,0,0,"[{'key': 'TasteClockBody', 'value': 10}, {'key': 'TasteClockRoughness', 'value': 9}, {'key': 'TasteClockFruitacid', 'value': 9}]","['Lamm', 'Nöt']",2021,750,750 ml,Dandelion Vineyards Dandelion Vineyards Lionheart of the Barossa Shiraz 2021
14.5,Fast sortiment,Flaska,Vin,Rött vin,Fruktigt & Smakrikt,USA,"Rött vin, Fruktigt & Smakrikt",,['Zinfandel'],False,False,False,False,False,False,False,False,False,Kalifornien,,Glasflaska,111.0,Dark Horse,1142003,Dark Horse,Zinfandel,464501,4645,0,5,0.5,Spendrups Bryggeri AB,"Generöst fruktig smak med inslag av fat, blåbärssylt, björnbär, mynta, choklad, vanilj och sötlakrits.",0,8,4,9,,,8,0,0,"[{'key': 'TasteClockBody', 'value': 8}, {'key': 'TasteClockRoughness', 'value': 8}, {'key': 'TasteClockFruitacid', 'value': 9}]","['Lamm', 'Nöt']",2021,750,750 ml,Dark Horse Dark Horse Zinfandel 2021
14.0,Fast sortiment,Flaska,Vin,Rött vin,Kryddigt & Mustigt,Frankrike,"Rött vin, Kryddigt & Mustigt",,"['Syrah', 'Grenache']",False,False,False,False,False,False,False,False,False,Rhonedalen,Côtes du Rhône,Glasflaska,139.0,Delas,541765,Delas Saint-Esprit,Côtes-du-Rhône,7183201,71832,0,2,0.0,Ward Wines AB,"Nyanserad, kryddig smak med inslag av fat, björnbär, lagerblad, plommon, hallon, lakrits och svartpeppar.",0,9,4,9,,,9,0,0,"[{'key': 'TasteClockBody', 'value': 9}, {'key': 'TasteClockRoughness', 'value': 9}, {'key': 'TasteClockFruitacid', 'value': 9}]","['Lamm', 'Nöt']",2022,750,750 ml,Delas Delas Saint-Esprit Côtes-du-Rhône 2022
13.0,Fast sortiment,Flaska,Vin,Rött vin,Fruktigt & Smakrikt,Frankrike,"Rött vin, Fruktigt & Smakrikt",,['Merlot'],False,False,False,False,False,False,False,False,False,Languedoc-Roussillon,VdP d'Oc,Glasflaska,89.0,Domaine Lalande,39999,Domaine Lalande Réserve,Merlot,2229901,22299,0,5,0.5,Domaine Wines Sweden AB,"Fruktig smak med inslag av fat, svarta vinbär, choklad, korinter, örter och vanilj.",0,7,4,9,,,7,0,0,"[{'key': 'TasteClockBody', 'value': 7}, {'key': 'TasteClockRoughness', 'value': 7}, {'key': 'TasteClockFruitacid', 'value': 9}]","['Fläsk', 'Lamm']",2022,750,750 ml,Domaine Lalande Domaine Lalande Réserve Merlot 2022
14.5,Fast sortiment,Flaska,Vin,Rött vin,Kryddigt & Mustigt,Frankrike,"Rött vin, Kryddigt & Mustigt",,"['Grenache', 'Syrah', 'Mourvèdre']",False,False,False,False,False,False,True,False,False,Rhonedalen,Côtes du Rhône,Glasflaska,159.0,Domaine des Pasquiers,1033384,Domaine des Pasquiers,Plan de Dieu,229801,2298,0,2,0.0,People Wine AB,"Nyanserad, kryddig smak med inslag av björnbär, viol, plommon, svartpeppar, lagerblad, skogshallon, blåbär och charkuterier.
",0,9,1,9,,,9,0,0,"[{'key': 'TasteClockBody', 'value': 9}, {'key': 'TasteClockRoughness', 'value': 9}, {'key': 'TasteClockFruitacid', 'value': 9}]","['Lamm', 'Nöt', 'Vilt']",2021,750,750 ml,Domaine des Pasquiers Domaine des Pasquiers Plan de Dieu 2021
15.0,Fast sortiment,Flaska,Vin,Rött vin,Kryddigt & Mustigt,Frankrike,"Rött vin, Kryddigt & Mustigt",,"['Grenache', 'Syrah', 'Mourvèdre']",False,False,False,False,False,False,False,False,False,Rhonedalen,Gigondas,Glasflaska,229.0,Domaine du Pesquier,507852,Domaine du Pesquier,Gigondas,283601,2836,0,2,0.0,Vinia Sweden AB,"Nyanserad, kryddig smak med fatkaraktär, inslag av skogshallon, lagerblad, björnbär, svartpeppar, charkuterier, choklad och sandelträ.",0,9,8,9,,,9,0,0,"[{'key': 'TasteClockBody', 'value': 9}, {'key': 'TasteClockRoughness', 'value': 9}, {'key': 'TasteClockFruitacid', 'value': 9}]","['Lamm', 'Nöt', 'Vilt']",2021,750,750 ml,Domaine du Pesquier Domaine du Pesquier Gigondas 2021
15.0,Fast sortiment,Flaska,Vin,Rött vin,Kryddigt & Mustigt,Frankrike,"Rött vin, Kryddigt & Mustigt",,"['Cinsault', 'Mourvèdre', 'Counoise', 'Grenache', 'Syrah']",False,False,False,False,False,False,False,False,False,Rhonedalen,Châteauneuf-du-Pape,Glasflaska,285.0,Domaine du Vieux Lazaret,19388,Domaine du Vieux Lazaret,Châteauneuf-du-Pape,221101,2211,0,4,0.4,Pernod Ricard Sweden AB,"Nyanserad, kryddig smak med inslag av fat, skogshallon, lagerblad, peppar, björnbär, svarta oliver, jordgubbar och lavendel.",0,10,4,9,,,9,0,0,"[{'key': 'TasteClockBody', 'value': 10}, {'key': 'TasteClockRoughness', 'value': 9}, {'key': 'TasteClockFruitacid', 'value': 9}]","['Lamm', 'Nöt', 'Vilt']",2022,750,750 ml,Domaine du Vieux Lazaret Domaine du Vieux Lazaret Châteauneuf-du-Pape 2022
13.0,Fast sortiment,Flaska,Vin,Rött vin,Fruktigt & Smakrikt,Italien,"Rött vin, Fruktigt & Smakrikt",,['Primitivo'],False,False,False,False,False,False,True,False,False,Apulien,Salento,Glasflaska,99.0,Botter,497350,Doppio Passo,Organic Primitivo,320401,3204,0,10,1.0,The Wine Team Global AB,"Mycket fruktig smak med liten sötma, inslag av mörka körsbär, blåbär och sötlakrits.",0,7,1,9,,,7,0,0,"[{'key': 'TasteClockBody', 'value': 7}, {'key': 'TasteClockRoughness', 'value': 7}, {'key': 'TasteClockFruitacid', 'value': 9}]","['Fläsk', 'Lamm']",2020,750,750 ml,Botter Doppio Passo Organic Primitivo 2020
12.5,Fast sortiment,Flaska,Vin,Rött vin,Kryddigt & Mustigt,Italien,"Rött vin, Kryddigt & Mustigt",,"['Corvinone', 'Rondinella', 'Corvina']",False,False,False,False,False,False,True,False,False,Venetien,Valpolicella,Glasflaska,119.0,Domaine Wines,1026925,Ecoltura,Valpolicella,7912501,79125,0,6,0.6,Domaine Wines Sweden AB,"Kryddig, bärig smak med inslag fat, körsbär, färska örter, skogshallon, blodapelsin, kryddor och vanilj.",0,6,4,10,,,6,0,0,"[{'key': 'TasteClockBody', 'value': 6}, {'key': 'TasteClockRoughness', 'value': 6}, {'key': 'TasteClockFruitacid', 'value': 10}]","['Fläsk', 'Fågel', 'Grönsaker']",2022,750,750 ml,Domaine Wines Ecoltura Valpolicella 2022
14.5,Fast sortiment,Flaska,Vin,Rött vin,Kryddigt & Mustigt,Italien,"Rött vin, Kryddigt & Mustigt",,['Primitivo'],False,False,False,False,False,False,True,False,False,Apulien,,Glasflaska,99.0,Domaine Wines Sweden AB,1470327,Ecoltura,Appassimento,7241101,72411,0,11,1.1,Domaine Wines Sweden AB,"Kryddig, fruktig smak med inslag av mörka körsbär, kryddnejlika, russin, plommon, lagerblad och kanel.",0,9,1,9,,,8,0,0,"[{'key': 'TasteClockBody', 'value': 9}, {'key': 'TasteClockRoughness', 'value': 8}, {'key': 'TasteClockFruitacid', 'value': 9}]","['Grönsaker', 'Lamm', 'Nöt']",2022,750,750 ml,Domaine Wines Sweden AB Ecoltura Appassimento 2022
14.0,Fast sortiment,Flaska,Vin,Rött vin,Fruktigt & Smakrikt,Argentina,"Rött vin, Fruktigt & Smakrikt",Fairtrade,['Malbec'],False,False,False,True,False,False,False,False,False,North,Salta,Glasflaska,169.0,El Esteco,24460752,El Esteco,Malbec,250101,2501,0,2,0.0,Spendrups Bryggeri AB,"Fruktigt, smakrikt vin med fatkaraktär, inslag av blåbär, plommon, kakao, viol,  svartpeppar, lagerblad och viol. ",0,10,8,10,,,10,0,0,"[{'key': 'TasteClockBody', 'value': 10}, {'key': 'TasteClockRoughness', 'value': 10}, {'key': 'TasteClockFruitacid', 'value': 10}]","['Lamm', 'Nöt', 'Vilt']",2022,750,750 ml,El Esteco El Esteco Malbec 2022
14.0,Fast sortiment,Flaska,Vin,Rött vin,Fruktigt & Smakrikt,Italien,"Rött vin, Fruktigt & Smakrikt",,['Barbera'],False,False,False,False,False,False,False,False,False,Piemonte,Barbera d'Asti,Glasflaska,149.0,MGM S.r.l.,7635399,Enzo Bartoli,Barbera d'Asti Superiore,7960001,79600,0,5,0.5,Lively Wines Sweden AB,"Nyanserad, fruktig smak med fatkaraktär, inslag av mörka körsbär, choklad, kryddnejlika, vanilj, lavendel och plommon.",0,7,8,10,,,8,0,0,"[{'key': 'TasteClockBody', 'value': 7}, {'key': 'TasteClockRoughness', 'value': 8}, {'key': 'TasteClockFruitacid', 'value': 10}]","['Lamm', 'Nöt']",2019,750,750 ml,MGM S.r.l. Enzo Bartoli Barbera d'Asti Superiore 2019
14.5,Fast sortiment,Flaska,Vin,Rött vin,Fruktigt & Smakrikt,Italien,"Rött vin, Fruktigt & Smakrikt",,['Zinfandel'],False,False,False,False,False,False,True,False,False,Apulien,,Glasflaska,99.0,Femar Vini,728854,Epicuro,Zinfandel,232601,2326,0,8,0.8,Winepartners Nordic AB,"Mycket fruktig smak med fatkaraktär och liten sötma, inslag av mörka körsbär, mintchoklad, kryddnejlika, björnbär, lakrits, örter och vanilj.",0,8,8,9,,,7,0,0,"[{'key': 'TasteClockBody', 'value': 8}, {'key': 'TasteClockRoughness', 'value': 7}, {'key': 'TasteClockFruitacid', 'value': 9}]","['Grönsaker', 'Lamm', 'Nöt']",2022,750,750 ml,Femar Vini Epicuro Zinfandel 2022
12.0,Fast sortiment,Flaska,Vin,Rött vin,Fruktigt & Smakrikt,Portugal,"Rött vin, Fruktigt & Smakrikt",,['Touriga naçional'],False,False,False,False,False,False,False,False,False,Lisboa,,Glasflaska,89.0,DFJ Vinhos,1004436,Escada,Touriga Nacional,7249201,72492,0,15,1.5,Fields Wine Company AB,"Mycket fruktig smak med fatkaraktär och liten sötma, inslag av mörka körsbär, mjölkchoklad, jordgubbar, kryddor och plommon.",0,8,8,9,,,8,0,0,"[{'key': 'TasteClockBody', 'value': 8}, {'key': 'TasteClockRoughness', 'value': 8}, {'key': 'TasteClockFruitacid', 'value': 9}]","['Grönsaker', 'Lamm', 'Nöt']",2022,750,750 ml,DFJ Vinhos Escada Touriga Nacional 2022
14.0,Fast sortiment,Flaska,Vin,Rött vin,Kryddigt & Mustigt,Spanien,"Rött vin, Kryddigt & Mustigt",,['Tempranillo'],False,False,False,False,False,False,False,False,False,Rioja,,Glasflaska,199.0,Faustino Martínez,1975,Faustino I,Gran Reserva,267801,2678,0,2,0.0,Philipson Söderberg AB,"Nyanserad, utvecklad, kryddig smak med fatkaraktär, inslag av torkade körsbär, kanel, kakao, nötter, mogna jordgubbar, dill, pomerans och vanilj.",0,9,8,9,,,9,0,0,"[{'key': 'TasteClockBody', 'value': 9}, {'key': 'TasteClockRoughness', 'value': 9}, {'key': 'TasteClockFruitacid', 'value': 9}]","['Lamm', 'Nöt']",2012,750,750 ml,Faustino Martínez Faustino I Gran Reserva 2012
14.0,Fast sortiment,Flaska,Vin,Rött vin,Fruktigt & Smakrikt,Chile,"Rött vin, Fruktigt & Smakrikt",Fair for Life,['Cabernet sauvignon'],False,False,False,True,False,False,False,False,False,Valle Central,Maipo,Glasflaska,159.0,Miguel Torres Chile,24435446,Finca Negra,Cabernet Sauvignon,224601,2246,0,2,0.0,The Wine and Spirits Collective Sweden AB,"Nyanserad, fruktig smak med fatkaraktär, inslag av svarta vinbär, mörk choklad, plommon, ceder, blåbär, örter och vanilj.",0,9,8,9,,,9,0,0,"[{'key': 'TasteClockBody', 'value': 9}, {'key': 'TasteClockRoughness', 'value': 9}, {'key': 'TasteClockFruitacid', 'value': 9}]","['Lamm', 'Nöt', 'Vilt']",2020,750,750 ml,Miguel Torres Chile Finca Negra Cabernet Sauvignon 2020
13.5,Fast sortiment,Flaska,Vin,Rött vin,Fruktigt & Smakrikt,Chile,"Rött vin, Fruktigt & Smakrikt",Fair for Life,"['Carmenère', 'Cabernet sauvignon', 'Syrah']",False,False,False,True,False,False,False,False,False,Valle Central,Rapel,Glasflaska,119.0,Miguel Torres Chile,23329320,Finca Negra,Reserva Especial,270401,2704,0,2,0.0,The Wine and Spirits Collective Sweden AB,"Smakrikt, balanserat vin med fatkaraktär, inslag av svarta vinbär, mörk choklad, plommon, björnbär, ceder, mynta och vanilj.",0,9,8,9,,,9,0,0,"[{'key': 'TasteClockBody', 'value': 9}, {'key': 'TasteClockRoughness', 'value': 9}, {'key': 'TasteClockFruitacid', 'value': 9}]","['Lamm', 'Nöt']",2021,750,750 ml,Miguel Torres Chile Finca Negra Reserva Especial 2021
13.5,Fast sortiment,Flaska,Vin,Rött vin,Kryddigt & Mustigt,Italien,"Rött vin, Kryddigt & Mustigt",,['Nebbiolo'],False,False,False,False,False,False,False,False,False,Piemonte,Langhe,Glasflaska,145.0,Fontanafredda,272080,Fontanafredda Ebbio,Langhe Nebbiolo,2230001,22300,0,2,0.0,Enjoy Wine & Spirits AB,"Nyanserad, kryddig smak med fatkaraktär, inslag av körsbär, sandelträ, jordgubbar, blodapelsin, nougat och basilika.",0,7,8,10,,,8,0,0,"[{'key': 'TasteClockBody', 'value': 7}, {'key': 'TasteClockRoughness', 'value': 8}, {'key': 'TasteClockFruitacid', 'value': 10}]","['Lamm', 'Nöt']",2022,750,750 ml,Fontanafredda Fontanafredda Ebbio Langhe Nebbiolo 2022
14.0,Fast sortiment,Flaska,Vin,Rött vin,Kryddigt & Mustigt,Italien,"Rött vin, Kryddigt & Mustigt",,[],False,False,False,False,False,False,False,False,False,Venetien,Valpolicella,Glasflaska,109.0,The Company of Urban wines And Other Liquids Sweden AB,24493489,Fortellino,Ripasso Superiore,7684501,76845,0,5,0.5,Urban Wines AB,"Kryddig, något utvecklad smak med fatkaraktär, inslag av körsbär, salvia, katrinplommon, kryddnejlika, hallon och choklad.",0,8,8,10,,,8,0,0,"[{'key': 'TasteClockBody', 'value': 8}, {'key': 'TasteClockRoughness', 'value': 8}, {'key': 'TasteClockFruitacid', 'value': 10}]","['Lamm', 'Nöt']",2020,750,750 ml,The Company of Urban wines And Other Liquids Sweden AB Fortellino Ripasso Superiore 2020
12.5,Fast sortiment,Flaska,Vin,Rött vin,Mjukt & Bärigt,Frankrike,"Rött vin, Mjukt & Bärigt",,['Pinot noir'],False,False,False,False,False,False,False,False,False,Bourgogne,,Glasflaska,149.0,Francois Martenot,619836,Francois Martenot,Bourgogne Cuvée Prestige Pinot Noir,536101,5361,0,2,0.0,Apricot AB,"Bärig smak med inslag av fat, skogshallon, örter, jordgubbar och lingon.",0,4,4,10,,,4,0,0,"[{'key': 'TasteClockBody', 'value': 4}, {'key': 'TasteClockRoughness', 'value': 4}, {'key': 'TasteClockFruitacid', 'value': 10}]","['Buffémat', 'Fisk', 'Fläsk', 'Fågel']",2021,750,750 ml,Francois Martenot Francois Martenot Bourgogne Cuvée Prestige Pinot Noir 2021
13.5,Fast sortiment,Flaska,Vin,Rött vin,Fruktigt & Smakrikt,Georgien,"Rött vin, Fruktigt & Smakrikt",,['Saperavi'],False,False,False,False,False,False,False,False,False,Kakheti Region,,Glasflaska,99.0,GRW (Georgian Royal Wine),30485733,GRW,Saperavi,209501,2095,0,2,0.0,Concealed Wines AB,"Nyanserad, fruktig smak med inslag av fat, mörka körsbär, plommon, romrussin, choklad, lavendel, svartpeppar och björnbär.",0,9,4,9,,,8,0,0,"[{'key': 'TasteClockBody', 'value': 9}, {'key': 'TasteClockRoughness', 'value': 8}, {'key': 'TasteClockFruitacid', 'value': 9}]","['Lamm', 'Nöt']",2020,750,750 ml,GRW (Georgian Royal Wine) GRW Saperavi 2020
14.5,Fast sortiment,Flaska,Vin,Rött vin,Fruktigt & Smakrikt,USA,"Rött vin, Fruktigt & Smakrikt",,"['Zinfandel', 'Petite sirah']",False,False,False,False,False,False,False,False,False,Kalifornien,Lodi,Glasflaska,119.0,Gnarly Head Wines,210851,Gnarly Head,Old Vine Zinfandel,659701,6597,0,7,0.7,Enjoy Wine & Spirits AB,"Mycket fruktig smak med inslag av fat, blåbärssylt, svartpeppar, mogna jordgubbar och vanilj.",0,8,4,8,,,6,0,0,"[{'key': 'TasteClockBody', 'value': 8}, {'key': 'TasteClockRoughness', 'value': 6}, {'key': 'TasteClockFruitacid', 'value': 8}]","['Grönsaker', 'Lamm', 'Nöt']",2021,750,750 ml,Gnarly Head Wines Gnarly Head Old Vine Zinfandel 2021
